ID,Production
15,4311.463112059682
16,8623.256734499484
20,20224.83404569209
29,18397.307211930678
34,25540.957957706825
36,3071.172745386436
40,10602.366112174019
62,25368.74484251246
65,8968.1677906847
75,30853.612972593346
85,27677.477401359527
90,909.9657583232964
98,17092.08631174751
101,14433.729441396667
109,77432.16029730738
110,251.0697691098599
111,2120.0443891360605
115,2450.648456351086
121,3571.1822916702913
127,1815.0019389438623
134,10256.484236114919
138,887.6904730847474
147,1359.130358115732
160,1740.4309342711415
166,2042.4342273072898
168,77.77037908270914
171,83693.42819249531
179,14545.584854520335
180,48256.12402068526
184,19649.20269699894
186,4636.877233854608
190,56954.31710117489
191,7216.656000679135
196,16915.60981318049
200,1247.0405563739685
205,2059.840566314756
207,61927.12490898043
210,37966.4619351989
215,13202.656578350552
218,12086.60624651149
224,1170.310381350219
225,8707.454264540374
232,31975.797579152884
234,17921.025020496178
252,24816.09166701034
253,712.4017723416533
254,28091.331670141593
268,822.2582314552362
272,13792.26164886147
274,65495.23379091867
279,8055.161031376793
284,995.9860867962987
302,1274.9726487849653
306,14263.307737994568
312,1026.7313991738847
314,15295.866999298409
318,43774.92576325119
322,24848.578481329085
325,32786.074562424124
330,124.22129164010275
336,2847.317772678584
345,8880.75346583467
346,35427.37206675485
358,35322.742363014295
362,14707.00450459756
369,2296.944103932529
371,719.3489036400615
376,2509.4241062449655
379,1850.9835828606033
389,2888.2946392205354
391,4312.0106506332
392,8457.791726237536
393,16324.592493630797
400,8930.64396824509
404,6458.700481853411
405,947.3986585418872
414,1689.1713880513605
430,710.2663412366056
443,1115.4872292244431
449,21884.112659095306
451,12380.236673519388
455,6329.306065778509
458,9299.407440961302
471,1400.6703729273374
476,26287.752857589876
480,26918.187773688587
482,716.796103212684
484,21154.979057947396
486,1278.7848591729246
489,1335.4040021680294
491,24114.127003683898
493,1355.734660898447
495,7664.381789875625
498,1279.867418706342
499,11412.23983977899
503,22094.368355543167
509,8909.924877533613
512,1602.520957830398
514,3449.377361106798
517,1150.6444653654091
531,11856.945720724165
533,9215.517357712017
536,594.1454586871712
541,4583.1713172954305
546,911.2914270146189
562,2147.71278196983
563,9508.246165760234
565,21821.17601042986
584,4590.2146337966615
599,3362.593751379847
601,873.7895441517601
613,20530.82533921376
615,1424.415480683967
618,37118.61331362836
621,10181.19928509891
625,2447.6846579601242
630,21496.0501229088
633,2570.0164507084337
635,10994.329223627
650,2358.7057362929727
654,18312.81409777701
667,1707.9182361413532
668,12292.410514573603
681,10908.693638535442
688,2992.522083227187
693,10915.948167061508
703,88377.97695443325
715,21996.217278904987
723,14678.370755902528
724,9750.564334427267
732,9880.420387082473
740,12869.85777120419
754,1155.9308374490588
757,26230.773440742345
759,18358.258117686437
761,12600.590641817897
762,23522.19557964191
769,5415.202659239992
784,96865.315797766
785,1996.445290859937
791,3686.6630070661754
797,7508.348721425384
810,2352.5262680950755
816,533.6142784954604
820,2329.333583071679
832,4260.069406206831
837,7780.717784936279
838,31482.05136711188
839,17521.675131116957
842,16824.97628213454
848,12987.354208125473
852,11672.412466953845
853,1064.771882197186
865,33200.6566728098
871,43788.537576615665
873,2756.2962747929987
875,3027.892699521333
877,38532.6606490402
879,32329.289315355647
881,11708.535053608417
897,9108.691417805403
906,3003.718237258419
922,13732.340214233027
933,9982.830746998863
939,1466.3355393232405
947,11013.278479809762
957,1486.3632730671761
966,5560.793858095704
970,2058.4262768336384
979,2453.2664433319865
997,7416.222785020396
1006,4037.843178832976
1007,20172.109906122463
1008,39652.279380358166
1009,1654.9446073271333
1012,38142.689527113216
1014,41817.28158316821
1015,906.1445229472215
1033,10668.182535804213
1040,12905.491560610682
1047,27592.88951768488
1050,15059.73243940361
1052,2325.3501989722245
1069,24499.414945611134
1071,15886.263363800048
1072,11278.618497315423
1080,10910.699387643785
1081,14003.279586090892
1083,9005.962893546
1086,3000.1443055984378
1090,1339.008611613958
1103,34584.40041833371
1105,1767.003680643737
1112,13041.750774962753
1114,1461.7253744322054
1122,8426.554583030642
1129,69913.23624546864
1132,12794.10555309102
1133,27354.631533379255
1135,8438.226104399637
1143,9902.58654124394
1150,6718.824072247891
1165,17010.430301728247
1172,14252.70977292374
1185,5110.088437873125
1199,1200.6106809301668
1205,11127.000562603696
1211,8557.093680007234
1225,3580.3181550498302
1227,1804.3620441226653
1235,211.91209942005537
1238,20131.555563036727
1239,24540.64838110015
1241,4118.582337418719
1245,14156.477351332755
1247,6819.709153555631
1252,922.9392928544431
1257,5066.309651904554
1275,1011.2834200144554
1284,13076.128926164507
1285,395.6590195267645
1286,1957.4326482864465
1298,8299.79695968926
1300,15764.456590117738
1305,1297.6533967539665
1310,14239.609422177971
1312,10012.353420491145
1317,1871.8534842211006
1324,10273.234326739906
1325,6789.104553343877
1328,42841.89102940492
1348,17932.01580257371
1350,1654.1482935556764
1378,724.3699496564263
1382,1307.1057866092765
1397,1299.8607790689168
1408,1605.3525757780671
1409,9689.427255834564
1413,12748.456141069084
1415,1700.3284526766836
1418,11015.921529444606
1422,24900.26511370398
1427,41510.570360704216
1428,15002.945255630686
1432,2458.5881198592483
1442,39612.399318900556
1447,2407.6619242943825
1450,12024.389644826875
1454,2823.5971511307357
1455,18398.162693086862
1465,6959.312721776367
1470,15099.620206966178
1471,12012.537771058083
1480,6833.209622079729
1482,36700.302042348536
1488,20102.123864755187
1498,1315.5416191654651
1499,963.049426268413
1500,2804.205577468872
1503,3002.123776606023
1506,12057.588417935072
1511,14979.772864739522
1518,36062.27512196542
1528,28111.267785876094
1530,8881.590034984647
1535,7781.817765291333
1545,1623.3429418036335
1559,14996.2317755273
1564,3543.910120752453
1570,1181.6139654578265
1572,30188.829100166113
1573,10457.398876816482
1578,26976.448294362872
1588,24740.783649561108
1593,12718.437420755254
1594,7620.701529095843
1596,1475.1464215979718
1600,7069.377735494115
1601,2098.974231712445
1602,2591.415423176287
1610,45225.108317225546
1612,6642.226883694977
1615,1576.7113525278119
1621,6389.468352158145
1625,6899.183297708035
1626,12444.560798359664
1641,14979.791900905968
1645,7240.791926041841
1649,7349.091910136714
1655,20210.85223890096
1657,6670.171693099812
1660,5154.57195034556
1666,1709.7959088859704
1674,918.6908648078144
1687,14651.32197811924
1691,5529.436224112359
1699,21734.45761212036
1704,5143.809586092085
1709,21665.62102237046
1724,3645.461314507648
1725,9660.306631210597
1726,1809.381167765929
1728,3871.653537087068
1730,8847.141355947257
1733,74140.38471565887
1747,7328.338170710578
1749,762.4384804188458
1754,16682.333142988235
1760,10973.855638044626
1771,15313.534335036054
1772,1340.6523796757308
1775,8317.943375269324
1784,11299.974001871347
1788,2374.00744922027
1795,19812.261143525022
1796,1845.4691119378058
1798,14884.582237254828
1799,33921.4379881534
1801,1105.9007401403778
1807,2468.1022608063367
1813,4579.903873754516
1814,1025.4454701706022
1817,3341.683740928471
1819,12452.13760685064
1827,2305.42182415571
1838,1088.1118872626869
1853,45361.949654053446
1869,35892.49694990605
1889,12567.81048967734
1890,9256.377930196897
1891,1014.2299776612216
1895,18568.58596057743
1897,18416.15000108689
1899,2136.821896312236
1908,1334.2284358406062
1911,1124.1426918327804
1916,7961.472796465009
1921,1718.0296505722397
1922,4086.929965278059
1930,18559.12222385056
1939,2981.3957673579453
1942,12295.213320860938
1952,53922.25925873518
1956,2763.045597629546
1958,2578.308459207415
1962,31992.5778977339
1963,12734.948887151182
1964,68336.64483684853
1966,14014.662261878251
1969,28156.66710857205
1975,4570.148738071844
1984,16444.86097393438
1986,9759.703234969526
1989,746.1636539747565
1991,8867.76933547005
2001,1971.9456351858378
2002,35589.164022655714
2011,944.712995609268
2013,13068.706903120428
2017,3765.9262279941136
2032,5131.741502902878
2033,1509.7838999086619
2034,38851.77155443207
2035,13098.071143798456
2038,4234.385893648861
2042,205.98082489035988
2043,3579.705244599729
2051,45029.56787346363
2059,37650.07321601242
2061,1494.6968935863665
2067,35349.0121285037
2083,29691.766187237055
2084,43827.391171718395
2105,59419.69741588593
2114,17560.50542585425
2116,792.852445138394
2119,23895.755946688503
2122,13602.162052120715
2135,18125.44583334327
2137,6200.596262968555
2153,857.8202285906669
2156,9114.045429629981
2157,43778.651528171824
2164,1725.2475013525038
2178,4881.508608771041
2183,2837.168551526441
2197,6719.182223013564
2207,21743.197945215554
2213,29434.63035986163
2218,19838.336671689005
2221,30592.208524355592
2222,10624.959090408833
2229,3042.2003824924673
2236,8388.48862763539
2238,29225.4759114071
2241,19422.57637930423
2242,10358.386806886345
2246,36065.69406282038
2250,30989.14533082843
2253,8426.023317039459
2257,21725.67627595812
2268,76346.69569837779
2275,11689.177844606937
2276,22560.09980857879
2285,3792.5393841670452
2291,14865.167190364302
2292,18805.09211087972
2297,3330.68803290002
2298,4589.43982250683
2301,1774.6832174994047
2307,2053.0799508937444
2308,11593.418069291862
2309,3033.293417689055
2312,33244.10925388933
2313,19193.77166426972
2317,10320.52001595825
2340,10308.319417290091
2350,10579.9581384179
2353,9928.43832195051
2357,11181.872712541222
2360,6812.358662957102
2363,4183.86927294828
2364,1945.8266628699002
2367,9427.676589367538
2377,18070.7315063522
2378,1451.8324912002681
2385,2043.913870313315
2388,2988.874925705195
2389,1600.7870330177986
2393,7609.407871113866
2413,855.0009520266199
2414,53248.25442567602
2415,12327.734295485094
2416,956.8059689743816
2430,11649.226101810336
2432,16113.706720786544
2435,10278.140715551823
2439,13376.007843501566
2440,23243.061630555243
2443,18445.324411693367
2448,14724.575202073382
2463,33005.89204183698
2466,3261.712699305415
2469,2069.8036714227496
2471,42319.06118659564
2474,896.0094828373191
2482,7168.441159333363
2485,40893.07394067102
2486,2545.3087317386266
2493,28005.490606364536
2495,8462.560083895029
2499,25827.139915339652
2502,1082.7329873955246
2504,524.8716625174133
2507,9044.978345751615
2510,7090.916848447175
2519,2860.0142496020326
2530,6878.397413248792
2531,2372.4884989518664
2535,5918.66902768284
2537,1463.2351274082057
2543,19000.153018951638
2552,14457.863924850673
2554,10183.483724600077
2556,8600.43157658592
2566,2565.550937975868
2573,2600.278017940223
2576,5973.919498749375
2578,44192.01737692238
2579,387.2089041458813
2590,50156.12823580295
2593,16384.465058355185
2594,16014.174658587426
2601,34886.19825843915
2609,8088.407746223956
2613,31567.22665031567
2631,5940.823742837385
2644,30190.140516813917
2649,15302.36847411126
2651,18322.35085880071
2654,972.7403232141579
2655,11355.261795317383
2657,9016.525826770812
2663,14008.217074443699
2666,26992.109471801967
2670,2094.025163102522
2684,18881.915379704835
2686,564.7098802255834
2688,13006.984091735781
2701,3871.2248426997294
2702,6262.942351170778
2704,22434.094917312785
2714,6295.59541150853
2722,962.0604099425666
2724,34509.65463888175
2727,12334.793770634533
2733,14857.80720475778
2740,8751.326707314625
2747,925.2281539772446
2757,17222.774300098794
2758,4489.502800903392
2759,14812.061406698898
2765,6000.389142687844
2766,1724.4982028710835
2769,2041.6766990663107
2776,3969.5310862790793
2779,2847.154249618723
2781,10101.267654248328
2782,1241.2961356180156
2789,13254.676877239868
2793,1914.5984988161917
2794,1126.133437994346
2795,8262.976603807658
2798,633.2987117284534
2805,12268.088382145985
2806,7603.694055387079
2807,1376.0469000842413
2811,8371.838676885069
2818,5758.5350864420825
2828,3469.4293682491034
2830,2962.5070776791868
2835,3226.074323104843
2847,17970.204061089607
2851,1014.886714180037
2856,9863.75760253817
2860,1408.5361717545982
2862,1351.8858457034078
2869,2814.1204396957155
2871,5341.020586713403
2877,2318.1175025596463
2896,13447.335110810773
2921,8564.877558076829
2923,850.9940833172196
2925,1934.1905657655739
2927,5200.977626549229
2950,15864.721119070127
2964,58318.073574355774
2966,85174.91796688974
2970,3672.984165307059
2980,1183.3911010581246
2982,19726.78852818936
2983,35606.996948340835
2990,1356.6840392711754
2991,14698.765800933987
3002,10617.846024737953
3004,2424.2211961382627
3015,16176.954292066397
3016,634.5035889256745
3018,6029.957161890716
3029,7896.985658510625
3033,3458.4460739807782
3034,6466.245869862288
3055,25721.47594015807
3056,36475.26903139799
3057,752.3622443195432
3060,12388.271310306041
3065,21176.030659496042
3068,16052.17895168081
3087,4175.481762398034
3091,8580.185415054782
3097,1658.928866463452
3101,2438.7589810544246
3105,15623.554378707708
3108,789.4025772976123
3110,19319.71865167424
3114,38222.079378570466
3122,2485.659338990301
3133,5835.728619962929
3135,17251.759550233783
3141,21144.568505333067
3143,505.78197078064045
3159,2764.9010357654834
3160,11811.754845853447
3163,23439.057438673153
3164,36963.7614715603
3166,2760.222201953083
3174,7523.607549267858
3175,15515.773577464968
3178,10678.242277815192
3182,18722.76634640478
3210,706.6533462820199
3211,859.300034045726
3217,30095.54952681467
3220,19277.294913733152
3240,9384.340587363988
3244,7517.823936074525
3261,22685.06975175463
3279,72660.14697187649
3283,853.702677324712
3284,18107.53993740335
3287,3017.9295351637898
3298,7831.508231163322
3302,27413.794557118566
3305,54447.61618949555
3306,30851.943665110695
3307,15569.142525258661
3319,1814.8960648504635
3320,4032.6758889413622
3322,1232.6092319942263
3326,7434.496549601257
3332,2527.27526267834
3335,23170.403485505136
3342,1813.1205306992679
3349,27516.825216087702
3351,10456.169239154904
3354,39684.64662944868
3355,1734.2214129777249
3356,4370.375432076305
3368,47218.02561462872
3380,9159.244023290872
3381,37113.589283138215
3385,6750.54006385073
3394,2411.282447858527
3397,16579.08759415429
3398,4475.125586392879
3414,14923.107880617305
3417,8934.894868882298
3422,3619.8583431510615
3450,1630.9000855030117
3459,1059.9515260743349
3460,1582.0632027567922
3468,8172.499568450302
3473,9696.49083891429
3477,877.2200426746157
3480,8453.4317342557
3482,1352.3374850928772
3487,1707.8267608925698
3490,8913.528816840202
3491,4003.830913166106
3499,9743.539956707806
3500,11991.241374114454
3511,4546.304019377231
3515,20296.22548827611
3530,612.714233126342
3531,1580.6447358693179
3538,13519.172908001243
3556,806.5383902222662
3557,1593.2980834115292
3560,4420.309972035288
3563,1234.4105936852086
3565,3845.625989318414
3568,14579.080880898684
3571,27165.579647386152
3572,37060.38858430632
3584,1869.9464494413135
3588,15969.541375618726
3607,13466.468012311609
3609,1866.8446055990453
3611,2091.078545861988
3612,14489.675991283208
3618,8681.983593319059
3619,8420.683872324975
3643,2077.268471799491
3652,428.2125637951487
3653,2358.7636253662404
3655,20790.927304962424
3669,1114.1588999608157
3676,32639.115688867125
3677,19661.0215311151
3678,62293.38044006795
3679,13035.746354836672
3682,13189.100813772531
3683,3824.3490052758893
3689,905.9088163278248
3690,12727.313766893594
3695,1550.5867785969374
3696,20702.849437535704
3697,1714.6649044662709
3699,32215.479013846667
3702,1393.458716432899
3706,8793.327376162559
3711,2943.358614534065
3712,4261.001906923055
3714,37005.33199648246
3715,2745.5100158009677
3717,25874.663042640463
3721,2186.3437082177397
3726,12729.731652663053
3728,14060.744194040746
3738,6210.78271197252
3753,1197.3623244899504
3758,12780.067975847573
3765,9831.828127490879
3767,10736.413542237728
3769,39358.87994313703
3775,12741.221715680807
3779,36429.814613822775
3793,880.3833000639078
3795,6177.28497432556
3796,1465.4380622901765
3809,2930.3525550609825
3812,15912.320156602114
3838,23977.348231076823
3840,7766.0669152849905
3844,8274.236195946332
3845,730.7036997546253
3848,8972.183975172491
3862,13039.549987349585
3868,21769.857461144627
3879,36926.632798374216
3896,1718.0517869266862
3905,2467.147431755289
3914,877.4050511732684
3917,20456.04073332362
3922,17210.91606266983
3932,6075.017098702788
3935,6108.055912672133
3939,36785.85479555279
3940,17383.021426302417
3947,20127.94001254022
3954,15546.095222369431
3956,4978.867102276906
3959,810.352893554866
3969,13695.663436303437
3971,1196.8952255828674
3980,962.0126513007282
3981,1472.187300060093
3987,1701.3436416672162
3989,6180.967031993345
3990,1925.9907003693654
3994,19237.418069214524
3996,18206.98692601867
3997,18161.71811962068
3998,2110.5523615062975
4004,2037.5513922658563
4007,5145.556638819649
4010,12152.103367628531
4011,38010.59457478851
4016,2386.780135501771
4024,23062.09189810783
4026,5818.653121474758
4027,21509.982055095807
4031,15408.79701855451
4034,12413.65403533943
4041,2952.1183563317354
4046,10872.098145027905
4054,21798.081067604424
4058,2703.044376696719
4067,3102.2049919170136
4070,13192.556218727752
4072,9692.965212790294
4075,735.2941392358391
4085,12844.682681779565
4097,83658.80066421076
4098,3100.1564980971066
4101,3293.6506969268617
4103,906.2957249347119
4104,14852.978995906711
4107,2917.1213464894145
4118,14430.706886169613
4136,15763.438624242395
4143,1464.3031827953457
4149,5562.800852526426
4163,4752.4147968859215
4166,2112.7066902690367
4167,5211.471338251903
4168,10004.321583703459
4176,10945.94475493267
4181,7530.23231575273
4191,3791.450582055002
4207,1585.6923119777439
4217,406.1322552458195
4218,24301.479999365805
4220,16333.051525366605
4226,10551.026768264472
4228,25777.218220344486
4230,8007.961329283044
4231,2096.48368179366
4233,1489.8747025518117
4234,9863.704808505774
4259,13077.99578308791
4260,9362.161588140354
4261,79574.32033030361
4277,1180.1114672849321
4278,21428.035689295233
4285,11211.751546204761
4294,11632.498626102806
4301,1624.3771373874692
4310,10893.956323636472
4319,1061.6912153606859
4332,13877.80295022689
4338,6525.50374567151
4357,1524.1048585883523
4358,3735.2887306502457
4372,3022.780790598243
4377,1096.9877783939241
4384,20060.48252452061
4395,2259.2859698704997
4396,17663.0995651079
4399,33173.437819883
4402,5951.261420837268
4405,1935.5497177255147
4408,7673.333460395485
4409,3879.241491609737
4411,13648.074788680899
4415,40844.27294209019
4419,11660.26267038122
4425,1271.606371904164
4431,7300.115158393606
4436,1448.5154090593005
4443,34277.59475219667
4461,8981.039473869727
4464,22328.301600129755
4483,1864.9053608348963
4495,3396.014571733996
4500,2065.3558851976686
4504,12532.071878504827
4511,10722.171213649586
4523,5851.731484396681
4529,22509.17484471351
4533,29562.480294477715
4534,1290.4519819819923
4535,19120.160239050016
4537,4006.69675419122
4539,10779.539605851473
4551,10111.61827537313
4564,1394.7686901393527
4567,24664.764637250006
4580,4534.830471536815
4602,23365.06284338631
4604,80890.79230751753
4606,14238.932357379794
4618,75761.22682439313
4622,5512.855492195188
4623,20921.445908148737
4626,35308.97260684952
4629,34930.00375894919
4647,4822.985051449984
4648,2778.1422805923967
4658,10051.66980519645
4677,2397.992630980015
4682,13117.439611649514
4686,43876.93147408292
4692,72094.44190459677
4696,11222.89141927734
4698,2979.280940893292
4704,2526.8369451306753
4707,534.9550012194362
4709,6490.300274146496
4721,4491.654215060994
4725,6983.762206166684
4740,12099.122354902029
4741,1235.1070161614566
4746,32938.362869401724
4750,10193.007473909036
4756,6192.968162656575
4758,15916.554927552044
4766,40386.2125873594
4767,1654.1921114336687
4770,2409.299640746563
4773,1666.4697348152843
4782,1452.6817667098337
4783,13934.695295439811
4788,22626.518556296083
4790,14655.077179778293
4793,15312.368234834374
4794,1687.5652388504143
4796,1120.6615614472328
4805,46834.199609738294
4809,17542.85615308538
4810,6410.883035829216
4813,934.2184809151289
4819,2982.9283609510953
4820,2560.873285344317
4821,21640.084639206827
4836,34474.585490973885
4839,804.4266129728405
4853,22757.176487535984
4856,7558.171213855669
4860,32368.420780594795
4862,16523.295142700077
4875,71163.65986187027
4880,10699.256976539567
4882,14097.341620506868
4885,2343.317037786095
4903,3866.874743229523
4905,4325.87731935799
4907,22976.635199784265
4934,416.42070767253614
4938,323.67163375616
4950,14271.198220898734
4955,5235.419989531636
4956,65253.98185519264
4957,504.74836487464574
4962,35189.362604169175
4963,9212.019619527757
4967,9088.671607390195
4973,1461.1097675596175
5001,3288.1112004075203
5025,2216.249299568682
5027,35261.87671613231
5034,17376.024032195026
5036,8005.954784996957
5039,22377.150884525403
5043,29011.735008543284
5044,40236.58889223218
5051,66018.86704780243
5052,1605.6947665192931
5058,57353.28824696124
5059,14894.008490805403
5062,41790.18495387256
5069,10860.158258252144
5070,1428.2439083582901
5072,1731.4088148044048
5078,10224.690922912432
5080,1945.2498146755988
5083,9292.773034164682
5085,37102.02445310876
5087,19882.001568840966
5092,1596.0635748921331
5096,1167.3717526125902
5099,12308.243249084206
5105,14937.703137489707
5106,5771.547272991017
5120,10582.371798080056
5121,1377.7403549462554
5123,6253.489993151425
5124,8776.857432519942
5128,12896.29536079511
5130,39781.21629612848
5136,17311.906544531063
5147,9016.158513993323
5153,2276.375072195604
5163,2251.664808176755
5165,30759.22578111015
5167,22485.35111123361
5168,53305.00836218522
5176,2172.5810575774312
5186,9365.472138675303
5190,3349.5718832549455
5191,4544.347074242308
5192,9099.123823485152
5199,12089.94386938736
5207,20971.98755460322
5217,54080.36398671479
5223,8537.61449139893
5230,2361.5285706616182
5231,16324.90104367912
5233,44918.38797623456
5236,1800.5562520933886
5244,11856.852367184163
5248,9444.890199015139
5250,10807.907587791533
5254,1508.8750214923912
5262,1945.2371096473926
5284,1762.2842775250226
5288,3250.812757126986
5293,4154.292201313377
5306,13756.451630617828
5310,1439.7482847565411
5313,22735.968928097784
5314,2304.5547219523037
5319,10881.253438978343
5325,6680.392989717573
5329,2777.612448696195
5333,13773.445866927728
5354,5993.4770164266965
5356,3258.101045640856
5374,20203.848369310053
5385,32344.070559461343
5386,3890.849985224456
5404,21091.651554405395
5415,12611.282780783884
5418,4035.949457256793
5419,1273.4556840977073
5433,1781.2939116522666
5438,7264.317154173554
5441,1719.423563507421
5465,36791.39905076891
5466,1981.5126178672153
5470,1813.717637772262
5475,4151.42228279084
5476,12259.46674354732
5487,13654.71083724998
5488,61346.853272898836
5492,2385.7247107625003
5496,1618.8989446255564
5500,1414.7082088644802
5511,3457.3044437555964
5521,2110.130734130069
5527,1495.827404619753
5528,37046.643501729675
5530,39749.1725189364
5531,2111.217368384225
5536,3283.2183176647127
5547,10417.390855551064
5556,1150.7486040257659
5558,1679.1037269389624
5573,9093.121929213106
5587,2862.9696540932346
5599,19113.947259076613
5602,12700.933790396004
5609,4689.839561909213
5613,6904.645722334087
5616,14021.275726428257
5617,28252.696346263736
5618,607.7672534961997
5619,6738.978314190581
5620,18352.131440932753
5625,660.5915143421286
5627,5116.736179248393
5628,25946.549244848044
5631,3413.3370708741995
5633,25211.33639407799
5635,2513.2908627764878
5642,603.2571834808585
5651,71533.45387797162
5656,8907.017509722114
5661,10198.135693643017
5677,2803.0154939395184
5680,1574.0070944319666
5683,10457.97572456576
5690,15017.456715680139
5713,11586.701617163866
5715,17745.704609667435
5725,2577.6491659058624
5727,12777.916715084462
5729,10988.898141180276
5745,1668.0834178037942
5748,5056.980394933218
5749,5841.77322598204
5752,12914.213177555353
5772,2312.08922152251
5782,22918.599438242763
5786,24847.271047155184
5788,9580.326045131162
5799,17911.635334007668
5804,420.4658333748578
5815,1453.9569575177127
5819,4299.173488464132
5823,19086.563767176718
5827,41500.77901782997
5829,7104.308888232558
5836,27649.856144362988
5841,12828.732980623692
5865,11200.157396132945
5867,4186.539303373844
5868,42393.94179984488
5876,1663.666195617392
5882,12790.998660677149
5890,1341.1964661511777
5891,15254.261911880523
5892,10180.53432123989
5898,1673.0329322122034
5916,18588.384395000638
5937,4426.723753848894
5940,32566.769354394455
5945,26449.905002449454
5950,5832.243727130964
5951,3881.408062239736
5954,30440.422541882548
5956,11216.861004931032
5965,1338.303197660744
5966,8368.424205937163
5971,10251.14600032188
5974,16854.12279763952
5980,4939.323870164678
5991,54380.13515100584
5992,27191.155040313755
5994,6903.133340096399
6000,3650.8448595955965
6007,7192.793022968695
6010,4174.355792870445
6015,1463.3764918731151
6024,3923.1016828532515
6025,14113.336455632449
6026,2058.350480958669
6028,2512.513016125335
6031,34675.1832939031
6038,43172.91716300949
6049,6759.664256055654
6051,3318.982531467378
6053,39495.87181377307
6055,1597.7389695661504
6058,18172.651917852912
6059,1291.9550834350277
6060,953.2506970240171
6061,6980.892137153372
6064,2585.2029444071645
6065,4280.70195973359
6072,1511.855951795205
6074,14463.0303495574
6075,1257.2967725771662
6081,15663.25042150557
6086,17894.71236335233
6087,3550.0079066193844
6090,6016.274525534511
6091,65103.09217670679
6103,29893.267706031726
6108,70134.62123017013
6109,3333.9373348218946
6129,41599.03776875161
6130,37467.625433128924
6132,3060.2666235727065
6141,3906.3393465098734
6155,30682.552768714653
6157,19161.742979505212
6163,4417.2490590032185
6165,1143.5543192151933
6168,37734.21524845347
6172,22918.605478503854
6173,37425.8542335096
6174,1670.1435668725521
6179,2236.3752319281543
6180,11214.977207325846
6182,12012.632371283396
6186,17204.63621516168
6198,22794.38368456945
6211,33517.66487583295
6215,2435.2361240998657
6222,6197.672794302031
6228,36921.61151707337
6232,6163.741883887202
6240,67241.62798007682
6241,2324.3989780297875
6242,1779.7104976323985
6244,5206.447777648861
6254,9629.045127466023
6293,6204.998008327335
6296,12795.19843712531
6304,26089.58899506666
6314,13744.748269673735
6325,17306.328150137888
6329,28520.955096955746
6332,3239.9900421598554
6335,3479.9460530891265
6343,7678.654296241998
6346,14708.485018679909
6354,25556.36069401093
6357,1235.1247430680687
6360,39530.94425529584
6369,17738.92472171366
6372,9645.845604379178
6381,1602.319580111354
6387,4156.283250983208
6390,46400.118379399406
6393,1285.3500827464457
6395,13760.699185394571
6401,7698.465609065593
6404,3347.1402187941967
6413,3055.320780794024
6418,1742.8895758657152
6419,9673.370415381938
6423,2815.5834639913583
6424,37336.1486283543
6430,1626.0066615161297
6434,3095.7247039619083
6444,1712.7243846599008
6450,41150.036674863106
6458,8975.624163596034
6462,2987.604990091621
6490,2321.747202127203
6495,2978.50101217866
6498,21762.311652093827
6499,5561.7159842750425
6509,32244.0735568659
6512,25894.981747816353
6514,3019.671561290622
6523,5095.6546611878275
6530,9834.639451038314
6540,8519.837573573292
6541,40273.78055791572
6554,16822.10073006481
6565,3140.407999000996
6567,9552.753063979444
6568,20560.18507158816
6570,1672.0960820533326
6571,706.3039847421644
6575,12334.372691026925
6578,79132.71152849242
6579,728.0875796639917
6595,17063.941779936926
6602,8908.962501982749
6603,26565.598147041354
6604,18327.890485107004
6610,34679.92029598303
6613,8614.595989606156
6619,1152.817100642621
6620,16548.820619559363
6637,20873.883596329986
6649,18238.04621296078
6655,1856.614957882017
6660,1625.6867558957636
6663,21708.056951760875
6676,11977.781947473586
6683,1139.4115090507264
6687,673.3084138505159
6690,9389.637001633346
6715,45141.676438288654
6718,1403.3089831756797
6719,9520.662201461493
6724,32202.2591840449
6731,1268.907708904445
6732,1159.4292585758865
6734,11608.230929825902
6741,5131.14546157434
6744,27006.565857698915
6752,6766.611577155218
6777,2541.7212593010063
6782,8434.523791819438
6801,15344.356940606387
6803,4959.836141285002
6807,11232.97056694284
6808,1132.721296278611
6824,263.6335954877733
6836,1373.3705551026756
6840,1028.9946755018827
6841,2483.4246985089776
6844,17025.73318203248
6851,23188.187595051233
6855,1536.6817732585948
6863,14254.67920374617
6871,1059.4025833822043
6873,2797.9989074774817
6885,55499.460524671005
6888,17092.896120981277
6896,23400.822940545902
6904,31757.3142163752
6909,13931.45658820033
6912,1923.6185784929617
6919,21588.907275883856
6927,12949.125612716824
6949,17670.610628519953
6950,977.0628294126678
6959,4279.519762101843
6960,9000.754646507501
6964,1106.9174426170437
6967,5648.447187822461
6969,14161.015058033316
6975,4196.202883473263
6976,1052.9327395847065
6985,9214.00046788618
6987,4480.862484999895
7023,29343.662592721583
7025,1575.9277714718876
7029,12902.483094388843
7033,80878.54952834608
7034,10668.743299860955
7040,1154.304092667996
7061,16953.72932676457
7065,2078.2712546317634
7066,3255.134592582136
7067,451.9833656993506
7071,32671.020843354243
7087,13003.693480389788
7096,31532.159833607227
7104,1239.6704197223478
7121,5558.901942388341
7149,21588.51378590703
7151,1876.910348098501
7153,20840.749836057275
7166,1450.3973133637749
7169,1588.8267216426123
7174,1247.3304093159734
7178,3031.471909261942
7181,3223.8615953779963
7191,10416.31549644679
7196,17296.882988731788
7206,61237.1107097587
7207,4210.02671626903
7211,2029.2507019031048
7212,2374.608807570189
7213,8174.972699779943
7217,18933.896167014092
7219,2681.320675745606
7226,69637.05654707723
7228,2002.0513901424404
7230,4236.675171459242
7238,1775.5243379043036
7246,3863.0238353912523
7247,9089.469169773756
7256,12409.080447951703
7260,14100.773669791668
7272,61980.60399696298
7275,5137.009394131153
7291,7625.833596907557
7296,12703.087063163817
7298,7195.120275522396
7302,7383.938424103186
7311,1464.3090081635114
7316,4486.941809270381
7332,4686.902575352191
7336,30922.678271257955
7337,2283.870221011638
7342,1281.3715142747756
7343,26920.280490268247
7351,1259.7537692251053
7365,2859.058496775478
7370,2527.2555740800494
7372,15468.18850376621
7373,685.176963450834
7383,71936.36129579657
7398,1672.980328167825
7399,3822.7040249955653
7410,13312.984028025568
7425,13931.361936853082
7428,1688.2486620635532
7431,892.7774909090992
7432,4356.320986452996
7445,12042.754063814134
7460,4614.276581545844
7464,9220.630006349684
7465,67559.62849628211
7475,14262.92567351006
7477,17128.44677576341
7483,14264.297749627456
7490,9996.85822107941
7497,9384.233333471713
7501,5018.2818134374165
7504,21483.534643434363
7509,3482.9303984530984
7520,1897.7227393299338
7540,28279.73927374937
7542,40037.93637637302
7545,23293.04384436727
7555,11424.122417560593
7556,23495.25898656592
7559,11767.857593509852
7568,9650.636602126211
7574,3164.8389572788033
7576,6495.722528040632
7581,1909.5738985365626
7599,12821.390052205288
7606,1783.60315637499
7609,1638.2597117127477
7610,14129.794585706146
7613,3867.5343945960694
7615,17092.679624313565
7618,6731.373109903186
7626,2061.3909929242723
7629,2069.617031801864
7632,2547.995234890579
7640,4598.282419477254
7650,3822.2320261218388
7651,4486.727162618935
7656,972.6757008656108
7660,13034.237931544036
7661,34467.04432518676
7669,21594.262300927043
7680,14161.918941750379
7682,988.9486553266643
7686,2589.0495834798357
7689,16233.366957388296
7696,13152.960568560511
7716,14740.141266046761
7724,1965.2681064201145
7726,72199.55488258303
7736,27995.765508551525
7740,695.0219478979704
7743,1740.1475139982238
7745,14136.20426008284
7747,9312.216093211322
7750,522.9566729884589
7751,879.2616435870523
7753,15444.626028849518
7757,13707.258301879094
7779,565.7885848149647
7789,4403.166524987146
7792,26864.17723191589
7793,1018.8620353028174
7794,16305.977439952716
7799,18227.258213158548
7803,37474.72490083955
7815,18390.589558108153
7818,2904.9055011591304
7828,51335.037794464086
7849,16568.73958008304
7853,11219.613516892643
7863,1269.9424258718632
7864,30719.843444870414
7866,19432.951339032723
7868,2199.0712617375693
7874,77725.74100170296
7876,17391.052250371427
7887,12957.307426721005
7888,1570.70667418994
7891,873.2124516278504
7915,10549.164584000855
7917,1258.7567424197484
7920,1385.9511364918194
7927,1142.8753312595932
7936,2481.1324952580026
7940,63440.610955888704
7943,15440.760871847273
7948,1056.8353648799655
7956,18093.099446971344
7963,2209.2298862458756
7964,4623.7857830011835
7970,13877.837434153482
7974,7954.991478516459
7980,27996.566465003936
7986,17034.016096604915
7987,54764.63319917664
7990,12816.368160921485
7993,2492.8435569036756
7998,2757.575068794564
8006,4895.209769403934
8008,4681.0164867009225
8013,1115.0219558663662
8025,8687.4832545425
8027,2345.5806258139005
8039,5514.405767927915
8040,5349.1753285184495
8052,20476.43879478447
8053,21954.179799203426
8059,1637.4186570024488
8067,2178.8068666061013
8069,623.3227659175543
8071,3444.4416639436035
8072,12511.294584155901
8081,13668.705032592268
8089,37860.63180669755
8091,836.0910723962629
8093,3035.002484258412
8095,2393.6274143719666
8097,8068.660767062455
8099,2043.31104649879
8112,6675.0209373983
8113,12633.992928137632
8114,26723.258393626063
8119,9369.525369220897
8120,10063.545645702481
8124,5826.3167388702905
8128,4158.5062602469325
8129,67405.6189093338
8130,15553.16406668037
8134,8709.865837342144
8135,6925.625799756571
8140,2398.494271488041
8142,1710.0910533084716
8148,867.5741851045186
8149,1780.6484611319001
8155,1305.5130996102835
8160,19976.45249383807
8161,15607.900422989205
8175,18265.982818316596
8176,42981.27548366435
8179,1359.8555215796825
8181,1216.6076234240827
8182,7147.870462167262
8186,870.0360205517702
8206,10309.456611403748
8208,13336.178049919083
8212,42691.38355613746
8213,7827.1874603495
8217,2412.6362948127085
8220,16318.025856948869
8228,6781.9378254561125
8236,15967.314459380137
8240,21463.54038389057
8242,660.8294299721717
8248,3013.3921945107727
8264,1371.50858203493
8280,12250.210262957216
8282,2009.0508326706286
8288,2385.0038191030912
8300,12576.070025911034
8301,12311.476873832793
8327,14187.009425983428
8329,5028.1036237663775
8334,22048.209342064856
8337,1942.928749743028
8339,4942.18128419809
8351,9064.503910564705
8364,1955.4866753906008
8369,9075.911120390594
8372,27745.854586168753
8378,14106.444512136282
8382,6523.035885510296
8384,12965.926392517016
8387,13637.366530238987
8390,17128.204909236432
8393,1260.3936611625545
8394,2028.0878491478404
8400,11748.733739245832
8407,19502.50970976718
8412,11252.094836534783
8413,21780.812569378988
8422,6485.732970637679
8427,9656.668630374073
8429,41589.141849743646
8433,10807.321102156415
8439,61318.07964038879
8443,9936.541007601098
8445,2606.614239898771
8466,1159.4948155116288
8470,27835.79476843447
8482,138.8809354790298
8485,1431.2746378932145
8493,4687.223076956123
8494,16647.302214490548
8501,21261.273937188165
8507,31827.693684584203
8508,4210.040537668614
8529,30267.57448877171
8530,11157.139755006285
8534,2441.6735638701907
8535,475.954733790457
8540,530.4662903562933
8549,7997.925961818547
8550,21652.815723616783
8565,1606.9111481377477
8566,3362.4913836683318
8571,8629.37902804777
8576,22338.54210015662
8579,18579.244569655137
8595,31844.36121162333
8603,2320.657963681816
8604,46614.999954765735
8617,2487.6150004743035
8630,5559.764443289337
8636,1037.4673982282727
8637,28342.961405608654
8643,991.0276544774322
8655,1589.3139423391221
8657,27054.646495842786
8659,355.80510621659425
8667,8477.798307134808
8673,74520.99589810135
8674,7787.9669014707215
8684,10603.401948462428
8698,9646.171281769872
8699,4982.258297134861
8706,11419.886558055283
8711,6444.284403253942
8718,45034.163229048696
8723,1004.0145992116628
8728,21860.634241086467
8735,15489.239755479097
8742,14530.491552062558
8746,13404.279366760999
8747,358.74730864852637
8748,2299.4429381118707
8750,2217.6424249898632
8755,16551.484211652652
8756,6321.887050474807
8758,13728.70390738338
8771,1872.7556600613145
8775,8373.454242342934
8783,1784.125951844975
8784,11516.015659763814
8808,17215.224796510636
8810,13009.571898281425
8813,1371.0326271755991
8818,4265.685742673872
8822,29330.24333491042
8823,14789.211244899036
8825,4613.284064970092
8851,11560.872640148997
8853,1755.0790499247603
8862,10173.810903290285
8864,3213.542625705599
8866,5582.875790691151
8878,20947.17624957219
8880,33765.788531161175
8886,2816.8957706732294
8887,11760.247264952659
8895,9842.541144364024
8902,13750.063536086307
8904,1661.6086430457976
8915,8926.734928591028
8918,608.7710101428619
8922,13445.751684354842
8928,2326.818809262737
8934,18977.6825487268
8943,12034.819742660895
8951,992.5143078434465
8978,16323.607908749878
8992,10039.326203693747
8998,3146.7871007540816
9001,19984.01098611258
9005,4242.385183676183
9013,11316.608395739047
9017,14010.458221165538
9029,4146.651006298846
9031,2332.9439633274073
9033,8103.62606170997
9037,1379.1330702396476
9038,2007.142261924892
9044,4910.070781144351
9054,10683.342029845864
9057,2640.896045155003
9058,525.3322266836462
9081,30531.63732884586
9089,15343.889420261532
9101,700.8913995896278
9102,13365.418249426559
9105,5527.984700098745
9115,28996.20534023576
9120,2375.598556293547
9133,32564.800327771904
9143,703.6907276134938
9145,10146.434205636308
9159,1291.927422023564
9168,1268.172422157302
9169,41338.2738970875
9170,1232.4762457168097
9171,905.2497471237177
9174,3608.7854259384403
9179,7434.064010792672
9184,829.2001238875084
9187,2059.4307018518443
9201,11403.30784863569
9202,7490.511311708837
9206,19379.160075911062
9221,17241.794354026617
9233,761.983536331504
9236,2319.5735554426155
9249,19860.45016004704
9251,4279.21828333497
9261,5457.967816630751
9263,2870.1851830646387
9264,15225.932608663737
9275,10537.728719456196
9276,20095.34779830068
9279,1247.6128737061463
9280,40628.176395444505
9285,19644.685726587773
9297,931.2591733600196
9298,2161.5686449819054
9310,11701.82358192496
9312,3033.03945107281
9322,39237.29722402975
9324,6098.337863955794
9329,2766.6225409195563
9338,15874.311746637823
9344,2213.084617425799
9348,18520.584986786023
9353,2448.829461112468
9357,2335.3181707143776
9358,17341.274204001726
9361,1775.3554087880996
9362,1995.7449889986206
9376,2339.4382225237787
9381,1360.552113026231
9383,1857.3046859467022
9385,9223.85861454621
9389,1349.353056535795
9393,1191.1567970607416
9394,41869.40540739112
9400,11481.832327392623
9402,81193.33036457867
9412,6191.610127651542
9413,9351.045307199582
9424,1839.395036056786
9428,763.2501186028121
9434,735.9134188765286
9440,20227.070341303945
9450,35295.70383921251
9452,1010.8453095689415
9454,15555.54347348869
9465,18757.16196450159
9474,17389.235600968004
9494,7605.344899332971
9501,917.7568659280239
9507,22766.050583711713
9508,450.8511754730343
9510,2680.8743825072797
9519,12493.757524333223
9521,10687.066580433473
9524,881.0279423861202
9539,7063.243090849965
9543,61762.63085097268
9546,26248.362938352675
9554,19611.440205845982
9556,2606.3547755645213
9561,1340.3298376593734
9572,2457.182650748193
9573,8377.563199640064
9579,953.420079363137
9592,26841.444161000625
9597,32293.48871965252
9598,1071.1100576689832
9603,2809.2753656373175
9607,2816.3400212540464
9619,1906.6924257829785
9622,29876.278276955636
9624,1286.130622225478
9630,3361.3311842494454
9634,54601.17137379483
9644,9069.004673805386
9652,2871.584114029556
9657,2289.1449340428408
9659,1427.217580500692
9661,1077.6001482062034
9666,16359.381692487523
9669,30620.259801281172
9679,1841.0259247879685
9683,26668.831752028913
9689,17269.408167143392
9696,75739.31468070358
9697,8405.981164506822
9698,2472.240695375874
9701,27958.068654182778
9706,25074.649158554974
9708,10162.108829187677
9712,32515.101997317524
9720,9566.10857313484
9721,6035.517470685318
9726,10221.855753073321
9731,14685.756310718209
9744,11879.948018860221
9753,2819.330654209554
9757,20398.352830054166
9760,7622.585090973973
9780,16892.607011412605
9782,778.9163092370329
9786,7805.884163199365
9788,1077.540464980602
9789,11627.454192808716
9791,511.2686399941144
9792,3376.2500192513317
9798,6993.11150712911
9805,1322.5111037880179
9806,10267.342936326713
9810,7535.387495716214
9812,10526.737112122924
9814,3240.0810783420498
9822,1971.5842118016617
9831,1149.4959641315038
9838,1574.9633535973724
9840,35619.778829145434
9852,2590.995613165721
9859,2617.1354524226476
9916,1784.0917955234643
9924,36318.544526775106
9944,3488.595477663128
9953,17276.89445573479
9961,7940.758128360286
9968,37196.230283556135
9970,1263.434997220933
9972,7608.140500770434
9975,63983.08134003401
9976,2529.219620177745
9984,781.2421787717933
9989,3319.5181710496527
9991,10580.716063713804
10005,5074.716104990169
10010,5373.373102074861
10013,1088.0705592508614
10025,29841.89949833348
10028,11471.928903930933
10032,979.1356625279778
10037,2263.5051403595503
10038,15729.877239381189
10040,1592.9312334089716
10042,37066.50823973425
10048,15515.098349353671
10052,25242.364560747523
10054,6160.377365600319
10059,79908.48030721344
10074,13441.477144853472
10078,4397.267137239426
10086,1067.1126009859142
10087,1357.8729155882818
10088,2056.0088594973813
10092,34409.195459862574
10108,5475.7640608328575
10113,5386.088360282033
10117,1972.3880926349757
10125,31374.29545833081
10126,7622.998436278701
10144,3212.060779089033
10156,20302.154675187317
10157,3952.258999162167
10162,240.68323141902647
10164,13156.325903320687
10166,10177.627654842288
10175,11095.573502240031
10177,8017.685681628137
10185,25502.917527148726
10187,11931.857331503184
10190,4682.169029258341
10202,9106.523507801518
10203,15556.713084739671
10209,2102.898110653758
10213,9624.194914870859
10220,26042.187190107852
10239,1326.0727087689936
10248,5773.062644069119
10261,18434.019202252926
10271,13802.998238222302
10274,34465.56706046779
10286,2220.950928908288
10289,7436.539350633026
10305,1572.9697144253548
10310,1327.4263425611698
10315,51342.03380499237
10316,4986.9957456263155
10319,3069.7649001843465
10323,2138.659057861715
10326,8919.474754481242
10343,5095.268878360911
10349,68333.02887019388
10352,1298.6609181016677
10356,4417.274872696472
10357,5331.815574633256
10379,804.8272450160234
10382,2251.274999970942
10394,20535.345018861295
10403,21879.93208420813
10413,22556.505130191446
10418,1133.0901347283275
10431,11764.23508553572
10432,2255.4370889304573
10435,39721.17330591753
10439,3347.1836875814197
10440,12752.456064637745
10452,25398.594469738306
10453,5067.45504223138
10456,1480.3675077035273
10457,38447.49273405404
10460,12948.91424691558
10470,881.8032843673224
10471,2601.1675436097385
10472,72181.26472367198
10478,28809.086160196814
10489,9275.446891050935
10492,12876.745909586623
10501,27478.058241219373
10502,14374.252262356058
10510,2489.8261479131875
10512,1982.7935687232018
10524,2493.5935646831967
10529,8089.676805976183
10530,1193.5159359866377
10532,13704.023282023818
10537,47582.87506539699
10542,15568.712120483742
10543,4380.422848213091
10544,7952.493560113683
10547,10575.672798123658
10552,7234.8976406979555
10557,2211.1133394719654
10558,3188.1899669504155
10567,357.392803083807
10570,57301.32846181282
10583,20211.89470414728
10587,1150.7029437780382
10589,16628.06297659509
10591,21300.07937070474
10598,957.208026489913
10600,18606.76447277099
10604,1675.9478181092436
10609,13822.020328926146
10616,3106.8039057484266
10621,2377.763171008974
10631,23601.403696023823
10655,1708.0470132452995
10658,688.1840972027926
10679,16717.027920459957
10682,3593.222597886771
10686,2197.2679278284304
10689,5983.467115230857
10694,2078.4832572115956
10697,1052.8643520683788
10701,812.1266741606587
10704,28654.038353469226
10709,1295.8069375278048
10714,2135.349309377372
10729,765.8721684650324
10730,2254.1058940380067
10743,26445.674608690144
10760,6971.2937009426205
10761,27208.28003239736
10770,1817.4312069359419
10772,18278.801388501524
10776,1249.503594977036
10785,25416.789696477725
10786,445.31693686567223
10793,22290.52282113418
10795,2868.4857759749884
10811,1108.636315432786
10812,20207.48451583579
10814,29852.86036573738
10819,11983.832769019156
10824,1081.363006536588
10834,21936.853455239983
10839,21266.329688590395
10845,31529.053428990395
10850,34553.56706418246
10852,1759.203446633145
10856,17729.07687019855
10858,2957.7802330664545
10870,9744.772458790989
10873,3215.037505920081
10887,990.990722968429
10889,36397.545918791
10902,930.6103635039173
10903,92054.40170527247
10920,16068.538913988175
10928,17757.117138081714
10930,10704.967320827396
10933,8195.505453364998
10945,2064.6147556084384
10953,34841.646699007455
10962,2682.834431033879
10966,20679.35326933235
10972,47234.93101581976
10977,85738.68707712591
10989,12397.74557884574
11004,743.8798684978484
11005,1436.775312529504
11006,1729.9164394164077
11011,37399.44376906738
11013,11469.416412556546
11015,2520.2436168067156
11018,2182.8991664758314
11020,2482.3528348560617
11029,42464.42853180796
11030,14981.905138151049
11037,1169.2791275097427
11044,2070.146697817519
11049,30210.198944689186
11051,1000.5777767369146
11063,21145.771920904517
11066,2964.036793838514
11068,1567.516268267333
11069,7077.042585572301
11074,2629.858837621807
11075,20981.663382113424
11086,21935.938825158108
11108,32931.879840577545
11111,1169.937834627255
11113,2410.4426149024057
11137,5829.266462179198
11138,1146.196675002351
11141,1379.5178157749021
11142,14939.243213133812
11144,5473.664899138212
11145,8504.623825847804
11150,186.89498001262513
11156,27550.69452300355
11162,1704.0451146318014
11163,2080.013278418331
11167,20723.337078485936
11170,2667.83945402734
11173,1271.15862289831
11174,35708.83528056875
11175,8410.197885405123
11190,2668.0483622540532
11192,9761.377300949394
11203,3654.5844910065803
11208,8129.50537496306
11215,8283.208531156853
11218,595.3096088333424
11233,10155.480734360515
11234,38977.26931017086
11235,1227.4770535397527
11245,6148.239252499044
11246,19950.75493571423
11250,621.6884135283525
11252,8123.000713767856
11261,1334.6436269932983
11262,15601.247387825548
11268,1385.5896132765706
11269,1733.8660563896597
11273,393.73053312748664
11275,1131.929733804911
11277,23329.91406843253
11286,2359.878043592721
11291,1115.0546552770584
11294,1120.1056154154983
11297,37099.72717020258
11298,36435.718667467234
11327,1568.941332098096
11331,32079.789803378288
11334,4596.10957832314
11342,1454.0006523480263
11349,14900.62006788671
11350,31287.92573688276
11352,15395.360254638717
11356,2008.6498971150813
11358,16514.17067911625
11383,10251.945038699805
11386,19767.630986449945
11387,34081.187541766536
11393,14652.042312294096
11394,1354.5236436606942
11395,1031.622981298342
11398,29919.59154404447
11399,4010.1447438415876
11405,1716.7173595710842
11408,36805.711073609375
11409,1838.4071649812906
11418,4216.119469949901
11419,6428.11522514455
11425,9663.52123888284
11443,3350.9996025570476
11445,4261.921185839175
11448,2822.141824531331
11454,972.8571352864057
11458,40285.95174638047
11459,14180.459321665914
11465,12840.766087280066
11468,23982.17771929577
11474,4315.457447114958
11478,8732.921217210293
11493,22246.269700168523
11496,16954.932846136242
11497,2860.0968187519156
11501,543.3016853514306
11503,1163.9769820212568
11506,19127.929155296908
11513,12188.265265440046
11515,4247.781360993756
11522,1845.8809032076597
11527,3496.653540642857
11529,24974.605846804086
11530,11587.15915235728
11548,20031.5896220167
11550,15254.92181413524
11552,12428.600677556471
11554,3958.180321657359
11557,3097.1512135066087
11558,1066.0468182526529
11560,28124.076259798036
11561,9761.93421404682
11569,308.2727615121005
11583,4665.787165927738
11584,5722.89135126829
11586,5763.432008848785
11598,3039.075646996349
11599,10448.371691678762
11601,8301.318178594856
11608,24467.936211245807
11610,20854.090117431657
11612,37718.730477975536
11618,4648.819327680616
11620,4405.984032524228
11626,7754.841990624071
11628,2076.090137346759
11632,42905.652687714995
11634,8064.28268294111
11635,7405.55991976887
11642,337.8827304692564
11660,9929.685610359087
11665,3809.5025305765867
11667,9251.503515078426
11672,17857.31430923298
11682,35449.721530414005
11684,6714.7633283710475
11691,22575.669746536314
11693,2554.6446892166136
11698,1946.67263000749
11702,4727.013898375407
11707,20813.118352276462
11709,11540.435453806595
11713,19393.77611401692
11718,7999.183226331397
11719,7110.2464993481335
11729,2102.860419295132
11732,12902.219375075698
11737,2573.9971236111223
11738,24233.568306870162
11749,2464.724722837729
11754,18767.839526243657
11763,18806.566660460234
11769,8243.787785347626
11770,1219.0615375087402
11774,24995.656319564954
11777,17611.34196254842
11778,8272.707981114909
11781,1104.9692291991412
11783,47967.810358964874
11784,12740.227344590201
11786,25042.037659699843
11791,711.4746382066604
11793,1018.8298551374671
11794,12060.525380784571
11796,2229.5085528518985
11800,2679.796111918761
11805,21838.732738080624
11806,2958.618335256948
11810,15963.755745800809
11811,13515.024510929734
11813,32100.105223625007
11816,3489.167051706611
11820,7383.631907988637
11823,11265.367432235777
11827,13221.807957119941
11833,1666.2538580533856
11844,1254.325358821302
11847,5136.557138536199
11855,20188.62442454718
11859,2373.7259189108004
11863,7641.716680192426
11864,2873.6841961747405
11878,2376.2288034304975
11887,23309.43688912243
11891,1234.119747721105
11895,36755.95482852527
11919,1122.3666583901643
11922,1886.5350441960238
11946,4215.054358668103
11952,22348.064253263325
11956,773.6175835090874
11957,26993.707359463126
11960,18202.422360068707
11963,942.7270661818982
11965,898.5978125867986
11967,1245.5631908785551
11968,32941.77663208827
11969,24945.670532416778
11972,1860.720819759368
11977,51272.10435013026
11978,8396.413817302287
11983,4932.396848426163
11988,4888.832796922028
12010,1696.0186874311416
12012,2196.548628652915
12015,19836.251259799305
12016,60110.21685450912
12018,64827.24851194047
12026,28856.682301341745
12029,2007.6197103000432
12041,21636.192560633495
12043,18290.264888456168
12044,1468.956034678518
12050,1979.0217194272573
12063,31876.842871402503
12083,2573.450435231029
12086,14388.287417917772
12097,2088.9352697203303
12104,3724.5081595756856
12115,19451.108828007356
12125,2074.40477313891
12131,14420.606620352864
12133,15072.991528753564
12138,23976.52735954784
12148,8746.94899359107
12152,820.9217815684524
12173,3154.5410401023923
12174,13421.018194814773
12188,2083.6314742981635
12199,23509.26481027208
12202,13886.42844145596
12213,1989.6247163522232
12214,2182.5389575541762
12219,4206.079510217458
12228,12052.316491735728
12233,10895.136909249202
12247,3252.2685042954236
12259,8664.837901472374
12261,1373.3761048523334
12271,7476.931182550639
12276,4001.537514441907
12288,25751.366924888564
12290,9375.423420232088
12292,3435.8505182012163
12297,15044.475904337763
12310,32854.684928601084
12320,15075.247302569374
12325,54215.14002752066
12331,9549.278821506126
12332,26962.472548474372
12340,631.3805441152298
12342,5599.727138489112
12347,713.9480170077084
12354,943.9944765438136
12363,24191.80432057336
12380,23445.41403253153
12381,6746.786330419853
12383,1624.1238288080685
12384,1164.1261128110434
12385,12565.32110585287
12392,4368.519198541342
12397,12655.947687975391
12398,33956.65478898481
12407,4854.104108851253
12409,1304.925587004274
12416,993.5388435173032
12421,8384.11147683829
12438,11938.750814640223
12439,1693.9529188063734
12447,481.0705254301426
12449,16434.30294902921
12453,2696.4065004703007
12454,31232.617142726333
12460,20888.916302220525
12464,51406.637482285354
12466,3458.233050082996
12467,792.6195410938556
12470,9069.722135482654
12472,27010.77976623513
12476,1692.5168910419936
12477,19770.704103812426
12482,10526.537458361387
12488,3975.6653556838605
12495,561.3345307088638
12499,15794.734144808872
12505,44479.88177272253
12507,19490.94519349873
12508,1650.087150516807
12512,12893.815426256804
12513,13103.808539494723
12518,3688.0652931362383
12522,4974.484350451677
12523,2171.645735506861
12525,518.081707648411
12529,18946.25882254891
12532,1877.9923412010064
12538,12299.753715249077
12539,253.0775448947398
12542,2556.5084833675596
12554,26383.255695627853
12555,9494.945997011511
12558,16544.533112798035
12570,7808.9164476092155
12575,16314.706094288229
12576,80066.89531847551
12578,2534.6428933905063
12586,7143.314731109216
12591,4504.2344900135695
12596,12450.985959403664
12598,3012.645998517051
12606,32687.454905227052
12609,1444.420455381944
12617,1854.526081274599
12619,2295.322071996927
12628,2017.214626460224
12629,8767.933502250315
12631,46735.00625741072
12639,15236.468555729687
12641,36713.0384875077
12644,13854.521066665427
12647,31644.771880930963
12659,1920.3829918031395
12664,14483.857384351939
12670,5237.202961296215
12678,22171.95309051611
12687,33458.051710061285
12688,8232.820808171333
12691,899.7722139287738
12692,13335.510611936077
12693,27802.862632717042
12694,13566.660519946145
12697,17973.64091804177
12700,19687.145393802228
12701,33098.873092207315
12703,20999.2353587088
12709,3272.135341770201
12714,13973.81009396836
12721,33345.11532964058
12724,3332.47420728825
12740,24734.447743070723
12742,15719.399482542574
12748,10791.895321512073
12760,42976.819316124325
12762,7427.479170493334
